,id,name,artists,genres,popularity,added_at,danceability,energy,instrumentalness,tempo,valence
0,6zTbtySCRStJOv5xA4XvRE,So Far So Good,['Sun Of They'],[],62,2022-12-09 15:29:46+00:00,0.577,0.0721,0.898,73.998,0.242
1,6cr9XbO2yAJgTNa6XNRINF,Apricity,['Imala Zir'],[],62,2022-12-09 15:29:46+00:00,0.467,0.243,0.947,75.031,0.0541
2,4br0nM6NdvDKMJgLj44foR,Solatium,['Imber Sun'],[],61,2022-12-09 15:29:46+00:00,0.442,0.112,0.919,112.206,0.111
3,7qa14fkhxgOwWgJ2cbDTyc,efflorescence,['Far & Beyond'],[],61,2022-12-09 15:29:46+00:00,0.509,0.212,0.853,84.0,0.0711
4,11nkLTEsCUzxXLWpyuz65G,Gather My Thoughts,['Josef Briem'],[],61,2022-12-09 15:29:46+00:00,0.346,0.0513,0.895,129.445,0.058
5,40yQjVqMx52xTlY4KFZXnh,Fresh Paint,['Shape Of Our Dreams'],[],60,2022-12-09 15:29:46+00:00,0.378,0.0973,0.94,118.209,0.0564
6,5AciiCKJKTLKRrAPSrKQy5,Infinite Sustain,['Amaranth Cove'],['background music'],61,2022-12-09 15:29:46+00:00,0.529,0.214,0.907,124.069,0.0903
7,7hYgGeMBarMRK5iGPqKGsb,Borealis,['PLACID'],[],59,2022-12-09 15:29:46+00:00,0.437,0.189,0.718,71.407,0.13
8,2GNEJcmdJuQK97mWea637Y,middle part,['Leo Lind'],[],62,2022-12-09 15:29:46+00:00,0.38,0.0639,0.912,76.735,0.054
9,3YTZyDywwVOWOXw2d970Dx,Tidal Waves,['Isaak Young'],[],59,2022-12-09 15:29:46+00:00,0.597,0.115,0.923,97.044,0.13
10,0acEauszFAvCGw9cNF0kZM,Frozen Lakes,['Imber Sun'],[],56,2022-12-09 15:29:46+00:00,0.426,0.101,0.943,78.734,0.0626
11,0Mjbx4mfOH02A9xmUE3F40,Staring into Infinity,['Far & Beyond'],[],55,2022-12-09 15:29:46+00:00,0.516,0.108,0.907,76.987,0.116
12,7GuN1Fddm0hCfppgIDUArP,Neon White,['Dance Of Centuries'],[],50,2022-12-09 15:29:46+00:00,0.311,0.0541,0.926,59.549,0.281
13,3xXQCt1vfzNEOndrrNWAZR,Are You Up,['Agnes Lundh'],[],50,2022-12-09 15:29:46+00:00,0.597,0.127,0.929,70.051,0.135
14,2dwLTY84vCeubyM0jM0nXH,waveforms,['Joy Parade'],[],55,2022-12-09 15:29:46+00:00,0.389,0.181,0.905,73.869,0.111
15,3kKwXt8TAU7wMCPIPCrzkI,miniature things,['Tall Towers'],[],54,2022-12-09 15:29:46+00:00,0.487,0.143,0.904,73.548,0.16
16,1chT7Yo3zSvjFPRQ20fWFH,both sides of the coin,['Electric Rivers'],[],61,2022-12-09 15:29:46+00:00,0.292,0.164,0.708,103.411,0.0666
17,5iR4ziuzYZO1VondRmrvsc,taming the tiger,['Golden Horses'],[],60,2022-12-09 15:29:46+00:00,0.248,0.0978,0.94,114.844,0.0426
18,4YhxXaf6Qrn5DrmgEfhwLH,Look At The Stars,['The Purple Stripe'],['background music'],61,2022-12-09 15:29:46+00:00,0.704,0.079,0.892,114.061,0.107
19,09LGPIStoVjhEWYV5PG9M6,oh! the view,['Mayra R'],[],60,2022-12-09 15:29:46+00:00,0.438,0.0751,0.91,62.055,0.0694
20,580SKYBPZ2vQQRcQogBF9N,Morpheus,['ARCADIA'],[],56,2022-12-09 15:29:46+00:00,0.51,0.294,0.845,106.949,0.0395
21,3hPRkKFO5mIflYwDjicJ4U,Searching In The Night,['Dreams Ahead'],[],57,2022-12-09 15:29:46+00:00,0.47,0.132,0.925,79.707,0.138
22,794SxkpLERVaBoag5946LG,High Up,['Mirror Inside'],[],59,2022-12-09 15:29:46+00:00,0.285,0.0337,0.7,143.627,0.0747
23,6xcD8EbsvMep9ULtidHI2j,Winter Sun,['Sun Of They'],[],61,2022-12-09 15:29:46+00:00,0.392,0.223,0.869,143.912,0.282
24,4RQFT3aZPjhuafwXNUnL6x,line up,['Golden Horses'],[],59,2022-12-09 15:29:46+00:00,0.17,0.087,0.873,71.901,0.0742
25,7Dxb8siYBoC5rZRPTmhob4,Slip Away,['Elementaries'],['chill beats'],59,2022-12-09 15:29:46+00:00,0.313,0.101,0.898,177.785,0.0693
26,0Y12GuKnIa7ObO8s6E0D9X,Echoes In The Night,['Hers Lake'],[],58,2022-12-09 15:29:46+00:00,0.593,0.0893,0.907,118.461,0.0956
27,6GgnlnCWIw7QsIBFewAnuE,The Top Brink,['Haltura Arnadottir'],[],58,2022-12-09 15:29:46+00:00,0.482,0.143,0.957,67.566,0.0792
28,4tfaUHGYBCMliBaOHM5vHX,Zero Gravity,"['Rippling', 'CONNXCT', 'William Cas']","['background piano', 'neo-classical']",58,2022-12-09 15:29:46+00:00,0.191,0.0629,0.877,219.483,0.0547
29,0gDMSJ8JtTjnAnROaM4L9w,the light of day,['Imala Zir'],[],56,2022-12-09 15:29:46+00:00,0.384,0.111,0.929,82.203,0.13
30,1c3QWfGAadGw4ywwmLx5ju,Nuraghe,['PLACID'],[],58,2022-12-09 15:29:46+00:00,0.49,0.204,0.794,106.687,0.178
31,5kukWcGnSNpw8YGy1JV8zu,Quiet Thinking,['Stories Seldom Told'],[],57,2022-12-09 15:29:46+00:00,0.439,0.137,0.939,66.995,0.118
32,5bUMUrnrWr29gSRy7UgUOO,Follow My Voice,['Niveous'],[],55,2022-12-09 15:29:46+00:00,0.464,0.0644,0.913,67.627,0.269
33,5FGMMbjDUWrfwyP1w2ac0K,The Quest,['Spaced Out Dreams'],[],57,2022-12-09 15:29:46+00:00,0.351,0.217,0.856,77.138,0.196
34,43qHoXJIYjMwJsRNTj9V98,embraceable,['Hers Lake'],[],56,2022-12-09 15:29:46+00:00,0.62,0.145,0.906,58.032,0.127
35,745ZrIG7sLyZniaQBAgIdg,nameless wonder,['Dreams Ahead'],[],57,2022-12-09 15:29:46+00:00,0.571,0.099,0.89,73.95,0.127
36,5PEzT7NREhifSvdJLkw2Ej,circles,['Niveous'],[],57,2022-12-09 15:29:46+00:00,0.55,0.111,0.929,77.032,0.0921
37,6sV8mjqZTDnZA5qMz5RtwF,Horoscopes,['Isaak Young'],[],56,2022-12-09 15:29:46+00:00,0.455,0.169,0.917,173.908,0.131
38,2bMSh7BYTXtL5h3dGJlfl7,In Due Time,['Broken Legacy'],[],56,2022-12-09 15:29:46+00:00,0.672,0.114,0.856,103.98,0.22
39,6obsAYZi05zj2412g9UsGJ,apple of my eye,['Spaced Out Dreams'],[],54,2022-12-09 15:29:46+00:00,0.666,0.133,0.9,112.02,0.204
40,05FuhMHmo0gi65Sotwj01c,transparency,['Sun Of They'],[],56,2022-12-09 15:29:46+00:00,0.491,0.134,0.916,143.278,0.18
41,60xGrKFHgLNpqhuS00HINp,Return To Sender,['Dreams Ahead'],[],53,2022-12-09 15:29:46+00:00,0.482,0.0414,0.933,73.893,0.132
42,28fBoIuzvYI6uQExWj9DbN,Silver Lining,['Agnes Lundh'],[],56,2022-12-09 15:29:46+00:00,0.447,0.0357,0.866,74.951,0.145
43,5ubuyElg33ARspfgM0z2yt,Jalons,['Rayonner'],[],55,2022-12-09 15:29:46+00:00,0.411,0.218,0.766,79.841,0.105
44,1m1G0nm9tWDY8Jr3T1Dzi4,Ultraviolet,['Josef Briem'],[],53,2022-12-09 15:29:46+00:00,0.57,0.0486,0.89,78.09,0.128
45,5SSvRUwuAGPz7vDEIcq4LA,neck of the woods,['Dreams Ahead'],[],55,2022-12-09 15:29:46+00:00,0.223,0.0449,0.905,79.42,0.122
46,0BYqfF118BfjcxvQRCwaWk,paragraphs,['Dance Of Centuries'],[],55,2022-12-09 15:29:46+00:00,0.653,0.0773,0.935,115.986,0.115
47,6DjuB3ja8UvTVIrbLP7pSr,Humane,['Andrew Oye'],[],55,2022-12-09 15:29:46+00:00,0.462,0.0903,0.883,134.228,0.0607
48,6fE5kgw2HR8AxQGqA3e2Gu,Tied Together,['Agnes Lundh'],[],53,2022-12-09 15:29:46+00:00,0.574,0.0754,0.92,71.095,0.384
49,1eEHpyWT5AOAFbgqAGSMns,Steady Walk,['Joy Parade'],[],55,2022-12-09 15:29:46+00:00,0.383,0.0869,0.912,78.735,0.224
50,41niA9BIBT3GBJODEWicuP,Chasing Tides,['Josef Briem'],[],55,2022-12-09 15:29:46+00:00,0.485,0.0156,0.907,74.895,0.0627
51,1Tqt1u2aFYDBCMxxJRiM0f,In A Week Or Two,['Isaak Young'],[],55,2022-12-09 15:29:46+00:00,0.411,0.0712,0.905,64.673,0.0799
52,3vROTGlX31Rem9VaTqdBzS,summer silence,['Niveous'],[],55,2022-12-09 15:29:46+00:00,0.339,0.0631,0.859,68.534,0.165
53,0yS587osB0zPG0JB01roTg,Eulogy,['Woven Hearts'],['calming instrumental'],54,2022-12-09 15:29:46+00:00,0.135,0.0877,0.839,57.129,0.0917
54,0AOz0XTa8sCskJQlBtHfHG,That Bird of Prey Casts a Long Shadow,['Random Forest'],"['compositional ambient', 'focus']",54,2022-12-09 15:29:46+00:00,0.525,0.188,0.839,110.02,0.121
55,1IKTSaVFGdnkbWkzSJPveE,Chorale Bloom,['MVS'],[],54,2022-12-09 15:29:46+00:00,0.515,0.155,0.914,122.895,0.0574
56,6ZB05VtNtULcsYIwAzAYjS,Heavy lifting,['Stories Seldom Told'],[],53,2022-12-09 15:29:46+00:00,0.529,0.122,0.918,78.012,0.131
57,0SdF87pVzhydKwygD13H6B,Gentle Whisper,['Josef Briem'],[],54,2022-12-09 15:29:46+00:00,0.47,0.262,0.895,149.751,0.0748
58,4lcT08ARvK8cVjRLJbnKLh,heels to the heavens,['Dössell'],[],54,2022-12-09 15:29:46+00:00,0.298,0.155,0.877,64.395,0.0487
59,6zUDEI1myhSL5mAHRlKrIo,Resolutions,['Sad Monologue'],[],53,2022-12-09 15:29:46+00:00,0.566,0.266,0.937,136.028,0.139
60,1ubCPXu6jZQJfttzO9APUB,Breathe,['Night Songs'],[],53,2022-12-09 15:29:46+00:00,0.538,0.12,0.81,78.008,0.11
61,7wH5Ck2MRPWwwunLeMjg9f,Waiting for the Sunrise,['Across The Great Valley'],[],54,2022-12-09 15:29:46+00:00,0.374,0.158,0.95,140.09,0.0506
62,0lWWho4vGcKfIX8kA8YmAy,Dreamscapes,['Agnes Lundh'],[],57,2022-12-09 15:29:46+00:00,0.272,0.204,0.902,73.728,0.227
63,3aQlVIegX4nPS2igYBFllB,Undeniable,['Hollow Light'],['background music'],53,2022-12-09 15:29:46+00:00,0.531,0.188,0.909,110.087,0.076
64,2yR2KTxdGPqpk8krap1Bbl,Roundabout,['NYMK'],[],53,2022-12-09 15:29:46+00:00,0.183,0.0318,0.864,102.077,0.115
65,4BLroGG5pTJwGui3vurqql,Mývatn,['Haltura Arnadottir'],[],53,2022-12-09 15:29:46+00:00,0.389,0.201,0.87,76.869,0.128
66,1rpHkU5rHv0aPQwD65Ld1y,synergy,['Dreams Ahead'],[],53,2022-12-09 15:29:46+00:00,0.592,0.133,0.937,119.585,0.124
67,2kRzlPRExNaBBsIANubbHg,aesthetics,['Agnes Lundh'],[],53,2022-12-09 15:29:46+00:00,0.332,0.0686,0.936,170.949,0.232
68,1oCPeGIQ5TpDYKrS4KmSTr,Heliosphere,['Haltura Arnadottir'],[],53,2022-12-09 15:29:46+00:00,0.374,0.0557,0.915,70.748,0.174
69,138ntruMbI8Yp3FRYH1qm5,deep wild,['Far & Beyond'],[],53,2022-12-09 15:29:46+00:00,0.413,0.0227,0.882,75.735,0.125
70,2XLdNfDhWJwViR3wiq8NrA,Anagram,['Imala Zir'],[],53,2022-12-09 15:29:46+00:00,0.387,0.0853,0.89,73.894,0.14
71,3YszK66xCFReY90ys3jP6o,bewildered,['Garden Collective'],[],52,2022-12-09 15:29:46+00:00,0.545,0.124,0.863,85.044,0.12
72,5OqkQteQRQBSZeQXBbY7a6,In Every Heartbeat,['Axione'],[],52,2022-12-09 15:29:46+00:00,0.33,0.0687,0.921,199.982,0.0359
73,4yf9GHCVO6VyY6q9yl2LvI,Hold My Hand,['They Dream By Day'],"['atmosphere', 'background music', 'focus']",53,2022-12-09 15:29:46+00:00,0.516,0.26,0.924,93.031,0.0831
74,58BB8I0IO8pxDkwuwWyEdw,The Outlook,['Benjamin Martins'],['background music'],52,2022-12-09 15:29:46+00:00,0.381,0.174,0.715,169.828,0.0382
75,5M2Tj8w6F5dYuCeakcwZ9D,Mount Soul,['Nova Explora'],[],52,2022-12-09 15:29:46+00:00,0.411,0.0636,0.93,120.217,0.0323
76,1CMi03AXBZLUT2Wg6YHd9s,Coastlines,['Garden Collective'],[],52,2022-12-09 15:29:46+00:00,0.43,0.106,0.726,83.049,0.05
77,6sZ06jEfwg6DjssHZeZhwe,Undiscovered,['Elementaries'],['chill beats'],52,2022-12-09 15:29:46+00:00,0.354,0.132,0.887,113.783,0.0373
78,0WRbfmpoYdrlMRv4BmJcPS,ouma,['Fall Ball'],[],51,2022-12-09 15:29:46+00:00,0.207,0.0672,0.787,134.106,0.0942
79,53TsZT0ySAHpRJ8GClsekU,Horizons,['Hers Lake'],[],53,2022-12-09 15:29:46+00:00,0.489,0.184,0.88,74.976,0.171
80,6TL7AaKyoeXyCdGBKuC3fE,eternal wind down,['Riley Power'],[],51,2022-12-09 15:29:46+00:00,0.328,0.25,0.875,153.087,0.125
81,0Pg5pXLEh0BUcifZBr5qDG,Rainy Nights,['Random Forest'],"['compositional ambient', 'focus']",51,2022-12-09 15:29:46+00:00,0.439,0.379,0.76,160.011,0.199
82,62X7ld1sa8RHl4zRtSvfHf,Just Look at You,['369'],[],54,2022-12-09 15:29:46+00:00,0.558,0.249,0.925,94.991,0.111
83,7nIG9RI8QkvsrepRb1t6ZQ,Into The Deep End,['The Purple Stripe'],['background music'],51,2022-12-09 15:29:46+00:00,0.616,0.144,0.821,124.153,0.0621
84,06G5MnuMA3cLbNwjFs8zIS,Flowing,['Lucas Delphy'],[],52,2022-12-09 15:29:46+00:00,0.2,0.138,0.929,71.631,0.138
85,3JPbOyccVz2HJDNaXfehiX,Needless to Say,['Elkoo'],[],51,2022-12-09 15:29:46+00:00,0.47,0.087,0.896,109.936,0.171
86,3KBoMRQ6EbCiTzOCzy4pvF,River Deep,['2am Fieldscape'],[],51,2022-12-09 15:29:46+00:00,0.294,0.00912,0.921,76.805,0.0842
87,4TOJ3cjdXI3Mbj5Scd0XGg,Stillness Within,['Roots and Recognition'],[],52,2022-12-09 15:29:46+00:00,0.328,0.101,0.92,111.002,0.129
88,51c5Wbzs0fPu6mwpDn3bsQ,With Resolve,['Jacob Yoffee'],[],53,2022-12-09 15:29:46+00:00,0.456,0.0195,0.924,126.086,0.269
89,2UPZhccmKlfIV1oWZxDhXN,lining the cloud,['Aguto Rising'],[],51,2022-12-09 15:29:46+00:00,0.0967,0.054,0.871,64.088,0.0374
90,4MaHchXoMIXMg1HJeCukEV,zoot suit,['Blackbird Co.'],[],50,2022-12-09 15:29:46+00:00,0.323,0.136,0.875,76.791,0.0852
91,381cpx26XrMnGOIn4faioN,Ethereal Glow,['Far & Beyond'],[],52,2022-12-09 15:29:46+00:00,0.364,0.114,0.863,73.956,0.0736
92,6mgKP4yo57GTSMc3fJlyWm,Ingénue,['Eline Moss'],['background music'],51,2022-12-09 15:29:46+00:00,0.283,0.122,0.905,83.746,0.112
93,4iNlPrMJCvBjakWljscabH,Hidden Chambers,['Marlee Tuaine'],[],51,2022-12-09 15:29:46+00:00,0.297,0.209,0.907,141.603,0.0867
94,0W4RUo3m0jL0wHADS0PLme,The Five Times I Loved You,['Cora Zea'],['background music'],52,2022-12-09 15:29:46+00:00,0.41,0.0845,0.93,92.033,0.0795
95,6Xgupx0XndCMdA09Nl46wF,Golden,['Clear Blue Skies'],[],50,2022-12-09 15:29:46+00:00,0.521,0.322,0.904,140.059,0.148
96,6WdO6Ds95sLALCqCOfbDQh,Atlavík,['Hugar'],"['compositional ambient', 'icelandic classical', 'neo-classical']",53,2022-12-09 15:29:46+00:00,0.535,0.147,0.797,126.823,0.238
97,49K00nm3DD6HZwQg2I4HmP,Hold the Handle,['Forest Landing'],[],50,2022-12-09 15:29:46+00:00,0.219,0.222,0.903,79.121,0.0396
98,1bsSaYmy0vOUH8tux2hAYV,Looking at the World Through a Window,['From Overseas'],['ambient guitar'],50,2022-12-09 15:29:46+00:00,0.142,0.112,0.967,101.366,0.05
99,39xRHgkRG13GJYOw8sOaQJ,two,['cloudcrush'],[],52,2022-12-09 15:29:46+00:00,0.603,0.16,0.877,80.144,0.0382
100,7ncqZEutTnKNmxJn50URcf,Everlonging,['Niveous'],[],51,2022-12-09 15:29:46+00:00,0.213,0.15,0.896,139.353,0.124
101,3IOXceWmoCrTyl5TXFDzWu,Vague,['Amaranth Cove'],['background music'],51,2022-12-09 15:29:46+00:00,0.32,0.253,0.935,140.029,0.125
102,3jP962JoLAn9p4wCDdx4My,Collapse Into Light,['Evin Iris'],[],52,2022-12-09 15:29:46+00:00,0.305,0.229,0.904,121.599,0.0562
103,3FoVLAXDlxCrGXZD6ppT85,Will to Live,['Jacob Yoffee'],[],51,2022-12-09 15:29:46+00:00,0.434,0.112,0.922,112.001,0.104
104,4F21Bmd7GOjukwGjOUy67I,jubilance,['Däalo'],[],50,2022-12-09 15:29:46+00:00,0.453,0.151,0.87,71.006,0.0474
105,4XVFa7MhMILscQRd2MmreO,Catch a Breath,['Light of Sun'],[],50,2022-12-09 15:29:46+00:00,0.469,0.163,0.919,112.049,0.11
106,1uu52K2fxY7Hl4LQ8AtTyY,When You Left,['Rouge Haven'],['sleep'],50,2022-12-09 15:29:46+00:00,0.56,0.0853,0.918,96.646,0.113
107,4XBdcBdB8cIlJIipHbTd7G,The Meaning,['Fondur'],[],49,2022-12-09 15:29:46+00:00,0.448,0.0693,0.9,70.084,0.0897
108,5d3kpW56erBx62L5vhIl8y,Raga for HAL,['Syntropy'],['binaural'],50,2022-12-09 15:29:46+00:00,0.137,0.139,0.933,99.734,0.0371
109,11oVQ68B4PnVQHIY6svpXg,Mil Sonidos,['Reina del Mar'],[],52,2022-12-09 15:29:46+00:00,0.221,0.183,0.821,117.321,0.057
110,1Tx1CeHCaOHPvYD25thsRq,Falling Rivers,['Yolta'],['background music'],50,2022-12-09 15:29:46+00:00,0.26,0.0561,0.874,103.122,0.0357
111,6XDJJwtxkhbqYWteeKS20P,Levare,['ANDRIEU'],[],49,2022-12-09 15:29:46+00:00,0.223,0.0671,0.738,108.595,0.0612
112,6NnKLbuNprZyhHUUbu11HS,everpresent,['Imber Sun'],[],51,2022-12-09 15:29:46+00:00,0.355,0.176,0.852,145.068,0.0694
113,3WEdWvAScE1EcBfErseQnC,Curiosity,['Beau Projet'],[],51,2022-12-09 15:29:46+00:00,0.43,0.256,0.867,133.955,0.173
114,1rfbQdf8AYt7qZOIzaP5PP,Cloud5,['PLACID'],[],49,2022-12-09 15:29:46+00:00,0.698,0.124,0.801,110.005,0.0984
115,2tIF7PmitHZi13Mc2dssPO,Rectifier,['12dust'],[],49,2022-12-09 15:29:46+00:00,0.122,0.0995,0.812,70.354,0.0699
116,5l3iFPNLr9pWXeYOI7dDhs,Snowfields,['Shape Of Our Dreams'],[],51,2022-12-09 15:29:46+00:00,0.266,0.226,0.811,112.913,0.149
117,1oRYeH614gcXBYZMjjvnOz,cold start,['RRST'],[],50,2022-12-09 15:29:46+00:00,0.615,0.212,0.883,124.867,0.0765
118,7h8FoVdFGKGNbZvbY51d5h,Loosen Up,['Cake House'],[],51,2022-12-09 15:29:46+00:00,0.269,0.0344,0.891,70.025,0.107
119,1hPEjphQtd9xBOLL4v1VYn,For a Moment,['Amaranth Cove'],['background music'],51,2022-12-09 15:29:46+00:00,0.551,0.214,0.913,140.033,0.0471
120,748B3pk3bq8jYTd7FSJYZ9,Lupina's Dream,['Lama House'],['background music'],49,2022-12-09 15:29:46+00:00,0.271,0.134,0.897,129.814,0.0693
121,0b53tPTqZR1kOv7RoG04kh,Portico,['Gae Terragni'],[],49,2022-12-09 15:29:46+00:00,0.278,0.128,0.957,119.969,0.0387
122,3mMd2MGvEIDAfMfvcb9wsC,Feels Like Flying,['Elementaries'],['chill beats'],49,2022-12-09 15:29:46+00:00,0.416,0.11,0.873,120.024,0.347
123,6WIbkXGyOIdCEbt1aQXN1r,Mind Of Lust,['Sandomina'],[],49,2022-12-09 15:29:46+00:00,0.311,0.153,0.933,87.04,0.0339
124,02NddgoemFd0ImJLtl2SAy,Beginnings,['Bon Bruit'],[],49,2022-12-09 15:29:46+00:00,0.208,0.16,0.85,86.039,0.0391
125,6lDhQE5NehNR4pizUh8B8p,Further Than Far,['Shape Of Our Dreams'],[],50,2022-12-09 15:29:46+00:00,0.498,0.064,0.846,63.497,0.0985
126,4AAXA43eClFFWQlEeQzC00,Dreamer,['Ygor Ghensev'],[],49,2022-12-09 15:29:46+00:00,0.16,0.183,0.862,63.78,0.0524
127,1N5zR5J3f3jQFKMY3cG0YO,Awakening,['Starlight Passage'],[],51,2022-12-09 15:29:46+00:00,0.259,0.0523,0.896,113.937,0.0997
128,2sAg6ll1Vd1BxR8YD0lkRg,Eleven Shades,['Lunaire'],['calming instrumental'],49,2022-12-09 15:29:46+00:00,0.408,0.135,0.902,81.975,0.0379
129,24CJS73HBvYtVguUZBnyAn,Open Fields,['Faelt'],[],49,2022-12-09 15:29:46+00:00,0.491,0.197,0.916,132.106,0.216
130,2ENH05Q7PkilEF6WujXNjG,Time Travel,['AMBIE'],[],49,2022-12-09 15:29:46+00:00,0.502,0.289,0.913,137.926,0.156
131,5I9kd3U6qhnuO3WWX5Le8l,In the Beginning of Time,['Of Water'],[],49,2022-12-09 15:29:46+00:00,0.294,0.121,0.932,112.986,0.0393
132,1RsZcsLDGwVpkhgeoL75gE,Change Of Tides,['Stories Seldom Told'],[],49,2022-12-09 15:29:46+00:00,0.507,0.0663,0.923,114.869,0.129
133,4nZSgFwgYUOyWcBX61JY6j,Laugavegur,['Dreyma'],['focus'],49,2022-12-09 15:29:46+00:00,0.515,0.408,0.769,115.002,0.308
134,0Zl6KnmirT1PeGZvAZY9T1,Den inre skogen,['Thomas Jackson'],[],49,2022-12-09 15:29:46+00:00,0.532,0.382,0.61,127.038,0.0455
135,2yf1ibNuXk2VwKyGCIIpmA,Silver Lining,['Erik Reno'],['ambient guitar'],49,2022-12-09 15:29:46+00:00,0.471,0.138,0.878,135.934,0.0493
136,5NKK0t7lYlyDsT5auDYKmq,The Discovery,['Sulfur Springs'],[],49,2022-12-09 15:29:46+00:00,0.414,0.127,0.822,130.021,0.0354
137,3j2VxSCmFJcrNZ6QR7e8DR,Wild Flowers,['MVS'],[],48,2022-12-09 15:29:46+00:00,0.25,0.108,0.91,73.59,0.118
138,4iKSrwTBu0vLSqmZUXSGXr,Takeoff,['Silo Silo'],[],49,2022-12-09 15:29:46+00:00,0.44,0.32,0.886,180.036,0.0694
139,4A6C6K8c8IukPda2f0rI8J,Suhpratti,['Parazal'],[],49,2022-12-09 15:29:46+00:00,0.564,0.0515,0.765,93.961,0.214
140,0pgh65p0D9uDSdOrmsaTgu,Projections,['Jacob Yoffee'],[],49,2022-12-09 15:29:46+00:00,0.329,0.0735,0.815,112.206,0.0378
141,5lZyYNi8OfFWKiX1p9zDQP,Curious Morning,['Michael Orvind'],[],48,2022-12-09 15:29:46+00:00,0.391,0.231,0.954,107.981,0.0882
142,7CVgHbVQmNtUVXKZOgonJK,mellow,['cloudcrush'],[],48,2022-12-09 15:29:46+00:00,0.609,0.157,0.792,111.966,0.0698
143,6phzRtzX5AMmgRVhB02Xas,Forever Distant,['The Echelon Effect'],"['ambient post-rock', 'compositional ambient', 'focus', 'instrumental post-rock', 'post-rock']",49,2022-12-09 15:29:46+00:00,0.408,0.136,0.906,107.105,0.108
144,2q8C32OjwpC9NGIa7ER2yK,Dream Circuit,['Focal Point'],[],48,2022-12-09 15:29:46+00:00,0.496,0.239,0.846,102.054,0.0933
145,157kvk58Qr04AiuDv2aQWd,Drifting,['Eroded Sky'],['background music'],48,2022-12-09 15:29:46+00:00,0.616,0.202,0.678,139.857,0.0773
146,7Ln0DgKSrDG0ALbtNwGeml,Momentum,['Monocle Twins'],['background music'],49,2022-12-09 15:29:46+00:00,0.636,0.248,0.922,117.006,0.138
147,3TNNGjgOQ7O8vwAlvlD9Fg,Adrift,['Cooper Sams'],"['background music', 'focus']",49,2022-12-09 15:29:46+00:00,0.382,0.333,0.918,84.974,0.0486
148,21gBsNMebPvrZ6jAD0FLBN,Bull’s Eye,['Tom Kalani'],['chill out'],48,2022-12-09 15:29:46+00:00,0.555,0.338,0.879,107.031,0.106
149,5QGNwI8U3o9mQg7RR3yOPj,Limitless,['Lucas Delphy'],[],49,2022-12-09 15:29:46+00:00,0.238,0.191,0.888,140.282,0.0365
150,12LkyDfAbUQ2MIJJpFAe93,marshmallows,['cloudcrush'],[],48,2022-12-09 15:29:46+00:00,0.33,0.142,0.938,168.784,0.122
151,3l7mCSypI6tYJvYe8dDI4f,Focus,['IFEELU'],['background music'],48,2022-12-09 15:29:46+00:00,0.669,0.155,0.8,111.898,0.0611
152,2No1A7ZuMaBGxz45jmA9Gw,Glaciers,['Lights & Motion'],"['atmospheric post-rock', 'cinematic post-rock', 'compositional ambient', 'focus', 'nordic post-rock', 'post-rock']",50,2022-12-09 15:29:46+00:00,0.0789,0.16,0.786,56.449,0.0409
153,0b6iQfSLnYGz5VCzwndLz9,Sintra,['Made Of Gold'],[],48,2022-12-09 15:29:46+00:00,0.395,0.147,0.909,164.176,0.167
154,6jFX2sHOzh7tpIIOomlrqJ,Orbits,['Halfway Escape'],[],48,2022-12-09 15:29:46+00:00,0.438,0.404,0.881,116.142,0.4
155,4ahEI4QjOwmT4z8PuZZYDk,Bayybe 07,['Bilo 503'],[],47,2022-12-09 15:29:46+00:00,0.431,0.384,0.934,127.978,0.0926
156,30ACOtgBj1PqZs1erzFZkU,Coming Home,['Zoe Connelly'],[],49,2022-12-09 15:29:46+00:00,0.198,0.139,0.856,82.405,0.106
157,7oXWUVH2t0UR11AvhhY8GQ,Stormy Weather,['Lost Horse Mine'],[],48,2022-12-09 15:29:46+00:00,0.444,0.382,0.816,123.59,0.197
158,2jpL7mFOMzRnbaSj790BfQ,Hypnagogia Well,['Monocle Twins'],['background music'],51,2022-12-09 15:29:46+00:00,0.545,0.253,0.922,115.848,0.0529
159,7rpGOF9MwCP2Oaz9yDO452,Water Colors,['Star Slide'],[],49,2022-12-09 15:29:46+00:00,0.465,0.12,0.937,72.021,0.0659
160,02QoKc20zzH9A8mf25NfPq,Presence,['Van Stiles'],[],48,2022-12-09 15:29:46+00:00,0.616,0.292,0.927,127.008,0.0633
161,4fItBSHKBcgKWixN1Idie5,Kaolnite,['Burgundy Skies'],['background music'],48,2022-12-09 15:29:46+00:00,0.247,0.231,0.87,174.014,0.0485
162,32dZxkZtsF5Vt3PrJQuV2i,North Captiva,['Lundegard'],['background music'],48,2022-12-09 15:29:46+00:00,0.479,0.346,0.929,143.965,0.23
163,42BtxDRqFTbE6Jb6rd9QOZ,Auburn Sky,['Toledo Rains'],['background music'],48,2022-12-09 15:29:46+00:00,0.265,0.035,0.89,132.972,0.0651
164,4CFlaEtdgeu4mFmnUApAyl,Bortom Träden,['Erik Reno'],['ambient guitar'],49,2022-12-09 15:29:46+00:00,0.446,0.0586,0.85,124.019,0.111
165,3RlwtjeKhemCfiPvwMFozS,Malibu,['Matthew Harvey'],['ambient guitar'],49,2022-12-09 15:29:46+00:00,0.435,0.154,0.85,148.1,0.0799
166,5DP6ow4t5Mmfge0fMRhSJD,Bloom,['Hilder Sky'],[],48,2022-12-09 15:29:46+00:00,0.249,0.129,0.839,70.59,0.253
167,0efOqjQkOgWPEZTzAZSB6j,Los Feliz,['Search For Atlantis'],['background music'],48,2022-12-09 15:29:46+00:00,0.575,0.373,0.898,74.975,0.123
168,2T2EemW8X3GlKvJe1gxpBC,Found,['Martin Gauffin'],"['background music', 'calming instrumental', 'focus']",50,2022-12-09 15:29:46+00:00,0.517,0.397,0.867,100.005,0.195
169,0gUAGl4nHShy1dzHikQKKU,Crystal Shores,['Dean Valio'],[],48,2022-12-09 15:29:46+00:00,0.482,0.0257,0.923,109.98,0.144
170,7d44sL4znFm5HZ6ltUVqbI,Follow me,['Andre Ehmann'],[],48,2022-12-09 15:29:46+00:00,0.475,0.109,0.948,99.008,0.405
171,22KKy6ftT0i4nyGNCbwc1B,Petrichor,['Cecelya'],['background music'],49,2022-12-09 15:29:46+00:00,0.319,0.122,0.905,70.263,0.214
172,7bKMZYXVYzGMvnHiRDCmjy,Clear Skies,['Dhyana Thomas'],['background music'],48,2022-12-09 15:29:46+00:00,0.421,0.136,0.89,110.036,0.0505
173,7u7dK1IXsG4jdB6bK9PCFm,Lucid Alchemy,['Ruud Vanderwege'],['background music'],49,2022-12-09 15:29:46+00:00,0.437,0.0465,0.923,119.958,0.1
174,6oJIMUBDopuFljMNBFrq9Z,Progress,['Ever So Blue'],['background piano'],53,2022-12-09 15:29:46+00:00,0.268,0.0234,0.929,99.734,0.0382
175,2AvDzQfRf5Bx8PX0qRWLRc,In the Clouds,['Astron'],"['background music', 'focus']",50,2022-12-09 15:29:46+00:00,0.318,0.0466,0.936,73.629,0.0384
176,2PlPzw2QFgaGfGNxf6yxf4,Drifting,['Silje Månsson'],[],48,2022-12-09 15:29:46+00:00,0.245,0.0349,0.938,84.674,0.039
177,0VZSqwbrOlZxOEakvAQX5a,Arriving,['Hilder Sky'],[],49,2022-12-09 15:29:46+00:00,0.281,0.00943,0.964,70.348,0.0384
178,1h7XRTgZYY0TYDjYDnLfju,Moment of Clarity,['Light Bin'],[],49,2022-12-09 15:29:46+00:00,0.18,0.18,0.94,64.105,0.0713
179,5H14dJbhKeaU1ffTMmIGJi,Observations From A Faraway Place,['Rannar Sillard'],"['background music', 'focus']",51,2022-12-09 15:29:46+00:00,0.176,0.117,0.885,76.125,0.142
180,5HCMc28iow2u67EgxHejfZ,Chasing Love,['Mondbery'],[],48,2022-12-09 15:29:46+00:00,0.28,0.0966,0.708,94.254,0.112
181,45RDZot29LxXjoTpdayF7w,Waiting,['Sheltered Solitude'],['background music'],48,2022-12-09 15:29:46+00:00,0.331,0.0778,0.919,106.781,0.0666
182,0mEtQh163dmE6NjbaPqf6o,Last Night,['Jedisol'],['background music'],49,2022-12-09 15:29:46+00:00,0.128,0.0672,0.863,179.527,0.0971
183,237AfZdkhsFMTS2mbafjpG,L'anniversaire,['William Keats'],['background music'],48,2022-12-09 15:29:46+00:00,0.336,0.0866,0.765,63.942,0.0601
184,7hQiWMz4Xisr6c5VdBsPKT,Final Mid,['Sebastián Escofet'],"['argentine ambient', 'background music', 'calming instrumental', 'latin soundtrack']",49,2022-12-09 15:29:46+00:00,0.488,0.0549,0.943,65.011,0.122
185,2MlOFHc3MfkTIRVGGCM4HL,Ether,['Jakob Ahlbom'],"['background music', 'calming instrumental', 'focus']",49,2022-12-09 15:29:46+00:00,0.64,0.347,0.924,115.013,0.0749
186,65hchHuhzbGL5gJ3wxkQh0,Dreams Of Another Reality,['August Wilhelmsson'],"['background music', 'focus']",50,2022-12-09 15:29:46+00:00,0.571,0.226,0.934,119.976,0.255
187,2IqOZtwGjYV9sko1NCzbKI,White Waves,['Cooper Sams'],"['background music', 'focus']",48,2022-12-09 15:29:46+00:00,0.492,0.237,0.883,116.083,0.0519
188,7pR7yPgbYcipmTUHT5g68p,Dakota,['Sheltered Solitude'],['background music'],50,2022-12-09 15:29:46+00:00,0.236,0.257,0.83,137.626,0.153
189,1AzBMkqhcv8KKyCYc2A1C2,Seeming,['Helios'],"['ambient', 'compositional ambient', 'space ambient']",50,2022-12-09 15:29:46+00:00,0.172,0.222,0.808,74.914,0.0392
190,2dqeTHHeyLioSSCn9L3xbc,Timeless,['Orchestrate the Universe'],[],49,2022-12-09 15:29:46+00:00,0.558,0.263,0.941,111.364,0.0523
191,6dRo3av1dw6j1IrdKZaCQL,Willow - Instrumental Version,['Seth Luke'],['instrumental lullaby'],49,2022-12-09 15:29:46+00:00,0.263,0.135,0.971,77.288,0.31
